title,rating,price,genre
A Light in the Attic,3,51.77,Classics
Tipping the Velvet,1,53.74,Classics
Soumission,1,50.1,Novels
Sharp Objects,4,47.82,Science Fiction
Sapiens: A Brief History of Humankind,5,54.23,Biography
The Requiem Red,1,22.65,Art
The Dirty Little Secrets of Getting Your Dream Job,4,33.34,Thriller
"The Coming Woman: A Novel Based on the Life of the Infamous Feminist, Victoria Woodhull",3,17.93,Philosophy
The Boys in the Boat: Nine Americans and Their Epic Quest for Gold at the 1936 Berlin Olympics,4,22.6,Short Stories
The Black Maria,1,52.15,Womens Fiction
"Starving Hearts (Triangular Trade Trilogy, #1)",2,13.99,Historical
Shakespeare's Sonnets,4,20.66,Sports and Games
Set Me Free,5,17.46,Books
Scott Pilgrim's Precious Little Life (Scott Pilgrim #1),5,52.29,Womens Fiction
Rip it Up and Start Again,5,35.02,Health
"Our Band Could Be Your Life: Scenes from the American Indie Underground, 1981-1991",3,57.25,Business
Olio,1,23.88,New Adult
Mesaerion: The Best Science Fiction Stories 1800-1849,1,37.59,Art
Libertarianism for Beginners,2,51.33,Horror
It's Only the Himalayas,2,45.17,Science
In Her Wake,1,12.84,Christian
How Music Works,2,37.32,Travel
"Foolproof Preserving: A Guide to Small Batch Jams, Jellies, Pickles, Condiments, and More: A Foolproof Guide to Making Small Batch Jams, Jellies, Pickles, Condiments, and More",3,30.52,Erotica
Chase Me (Paris Nights #2),5,25.27,Humor
Black Dust,5,34.53,Default
Birdsong: A Story in Pictures,3,54.64,Art
America's Cradle of Quarterbacks: Western Pennsylvania's Football Factory from Johnny Unitas to Joe Montana,3,22.5,Crime
Aladdin and His Wonderful Lamp,3,53.13,Womens Fiction
Worlds Elsewhere: Journeys Around Shakespeare’s Globe,5,40.3,Business
Wall and Piece,4,44.18,Paranormal
The Four Agreements: A Practical Guide to Personal Freedom,5,17.66,Autobiography
The Five Love Languages: How to Express Heartfelt Commitment to Your Mate,3,31.05,Autobiography
The Elephant Tree,5,23.82,Historical
The Bear and the Piano,1,36.89,Music
Sophie's World,5,15.94,Christian Fiction
Penny Maybe,3,33.29,Default
Maude (1883-1993):She Grew Up with the country,2,18.02,New Adult
"In a Dark, Dark Wood",1,19.63,Suspense
Behind Closed Doors,4,52.22,Travel
You can't bury them all: Poems,2,33.63,Religion
Slow States of Collapse: Poems,3,57.31,Suspense
Reasons to Stay Alive,2,26.41,Religion
Private Paris (Private #10),5,47.61,Humor
#HigherSelfie: Wake Up Your Life. Free Your Soul. Find Your Tribe.,5,23.11,Sports and Games
Without Borders (Wanderlove #1),2,45.07,Erotica
When We Collided,1,31.77,Erotica
"We Love You, Charlie Freeman",5,50.27,Horror
Untitled Collection: Sabbath Poems 2014,4,14.27,Academic
"Unseen City: The Majesty of Pigeons, the Discreet Charm of Snails & Other Wonders of the Urban Wilderness",4,44.18,Psychology
Unicorn Tracks,3,18.78,Poetry
"Unbound: How Eight Technologies Made Us Human, Transformed Society, and Brought Our World to the Brink",1,25.52,Womens Fiction
Tsubasa: WoRLD CHRoNiCLE 2 (Tsubasa WoRLD CHRoNiCLE #2),1,16.28,Adult Fiction
Throwing Rocks at the Google Bus: How Growth Became the Enemy of Prosperity,3,31.12,Science
This One Summer,4,19.49,Short Stories
Thirst,5,17.27,Christian
The Torch Is Passed: A Harding Family Story,1,19.09,Health
The Secret of Dreadwillow Carse,1,56.13,Classics
"The Pioneer Woman Cooks: Dinnertime: Comfort Classics, Freezer Food, 16-Minute Meals, and Other Delicious Ways to Solve Supper!",1,56.41,Paranormal
The Past Never Ends,4,56.5,Music
The Natural History of Us (The Fine Art of Pretending #2),3,45.22,Philosophy
The Nameless City (The Nameless City #1),4,38.16,Books
The Murder That Never Was (Forensic Instincts #5),3,54.11,Health
The Most Perfect Thing: Inside (and Outside) a Bird's Egg,4,42.96,Christian
"The Mindfulness and Acceptance Workbook for Anxiety: A Guide to Breaking Free from Anxiety, Phobias, and Worry Using Acceptance and Commitment Therapy",4,23.89,Mystery
The Life-Changing Magic of Tidying Up: The Japanese Art of Decluttering and Organizing,3,16.77,Spirituality
"The Inefficiency Assassin: Time Management Tactics for Working Smarter, Not Longer",5,20.59,Christian
The Gutsy Girl: Escapades for Your Life of Epic Adventure,1,37.13,Adult Fiction
The Electric Pencil: Drawings from Inside State Hospital No. 3,1,56.06,Mystery
The Death of Humanity: and the Case for Life,4,58.11,Christian Fiction
"The Bulletproof Diet: Lose up to a Pound a Day, Reclaim Energy and Focus, Upgrade Your Life",3,49.05,Default
The Art Forger,3,40.76,Fantasy
The Age of Genius: The Seventeenth Century and the Birth of the Modern Mind,1,19.73,Academic
The Activist's Tao Te Ching: Ancient Advice for a Modern Revolution,5,32.24,Sequential Art
Spark Joy: An Illustrated Master Class on the Art of Organizing and Tidying Up,4,41.83,Thriller
Soul Reader,2,39.58,Historical
Security,2,39.25,Music
"Saga, Volume 6 (Saga (Collected Editions) #6)",3,25.02,Science Fiction
"Saga, Volume 5 (Saga (Collected Editions) #5)",2,51.04,Novels
Reskilling America: Learning to Labor in the Twenty-First Century,2,19.83,Health
"Rat Queens, Vol. 3: Demons (Rat Queens (Collected Editions) #11-15)",3,50.4,Food and Drink
"Princess Jellyfish 2-in-1 Omnibus, Vol. 01 (Princess Jellyfish 2-in-1 Omnibus #1)",5,13.61,Fantasy
Princess Between Worlds (Wide-Awake Princess #5),5,13.34,Default
"Pop Gun War, Volume 1: Gift",1,18.97,Historical
"Political Suicide: Missteps, Peccadilloes, Bad Calls, Backroom Hijinx, Sordid Pasts, Rotten Breaks, and Just Plain Dumb Mistakes in the Annals of American Politics",2,36.28,Cultural
Patience,3,10.16,New Adult
"Outcast, Vol. 1: A Darkness Surrounds Him (Outcast #1)",4,15.44,Short Stories
orange: The Complete Collection 1 (orange: The Complete Collection #1),1,48.41,Humor
Online Marketing for Busy Authors: A Step-By-Step Guide,1,46.35,Young Adult
On a Midnight Clear,3,14.07,Default
Obsidian (Lux #1),2,14.86,Business
My Paris Kitchen: Recipes and Stories,2,33.37,Sports and Games
Masks and Shadows,2,56.4,Young Adult
"Mama Tried: Traditional Italian Cooking for the Screwed, Crude, Vegan, and Tattooed",4,14.02,Mystery
"Lumberjanes, Vol. 2: Friendship to the Max (Lumberjanes #5-8)",2,46.91,Womens Fiction
"Lumberjanes, Vol. 1: Beware the Kitten Holy (Lumberjanes #1-4)",3,45.61,Cultural
Lumberjanes Vol. 3: A Terrible Plan (Lumberjanes #9-12),2,19.92,Poetry
"Layered: Baking, Building, and Styling Spectacular Cakes",1,40.11,Short Stories
Judo: Seven Steps to Black Belt (an Introductory Guide for Beginners),2,53.9,Historical
Join,5,35.67,Self Help
In the Country We Love: My Family Divided,4,22.0,Horror
Immunity: How Elie Metchnikoff Changed the Course of Modern Medicine,5,57.36,Default
"I Hate Fairyland, Vol. 1: Madly Ever After (I Hate Fairyland (Compilations) #1-5)",2,29.17,Business
I am a Hero Omnibus Volume 1,3,54.63,History
How to Be Miserable: 40 Strategies You Already Use,1,46.03,Books
Her Backup Boyfriend (The Sorensen Family #1),1,33.97,Crime
"Giant Days, Vol. 2 (Giant Days #5-8)",2,22.11,Food and Drink
Forever and Forever: The Courtship of Henry Longfellow and Fanny Appleton,3,29.69,Humor
First and First (Five Boroughs #3),4,15.97,Classics
Fifty Shades Darker (Fifty Shades #2),1,21.96,Humor
Everydata: The Misinformation Hidden in the Little Data You Consume Every Day,2,54.35,Sequential Art
"Don't Be a Jerk: And Other Practical Advice from Dogen, Japan's Greatest Zen Master",2,37.97,New Adult
Danganronpa Volume 1,4,51.99,Classics
Crown of Midnight (Throne of Glass #2),3,43.29,Adult Fiction
"Codename Baboushka, Volume 1: The Conclave of Death",4,36.72,Womens Fiction
Camp Midnight,4,17.08,Fiction
Call the Nurse: True Stories of a Country Nurse on a Scottish Isle,5,29.14,Psychology
Burning,3,28.81,Short Stories
Bossypants,2,49.46,Womens Fiction
"Bitch Planet, Vol. 1: Extraordinary Machine (Bitch Planet (Collected Editions))",2,37.92,History
"Avatar: The Last Airbender: Smoke and Shadow, Part 3 (Smoke and Shadow #3)",2,28.09,Historical
Algorithms to Live By: The Computer Science of Human Decisions,1,30.81,Academic
A World of Flavor: Your Gluten Free Passport,1,42.95,Poetry
"A Piece of Sky, a Grain of Rice: A Memoir in Four Meditations",5,56.76,Self Help
A Murder in Time,1,16.64,Spirituality
A Flight of Arrows (The Pathfinders #2),5,55.53,Childrens
A Fierce and Subtle Poison,4,28.13,Sequential Art
A Court of Thorns and Roses (A Court of Thorns and Roses #1),1,52.37,Default
(Un)Qualified: How God Uses Broken People to Do Big Things,5,54.0,Business
You Are What You Love: The Spiritual Power of Habit,4,21.87,Books
"William Shakespeare's Star Wars: Verily, A New Hope (William Shakespeare's Star Wars #4)",4,43.3,Christian Fiction
Tuesday Nights in 1980,2,21.04,Historical
Tracing Numbers on a Train,3,41.6,Religion
Throne of Glass (Throne of Glass #1),3,35.07,Sports and Games
Thomas Jefferson and the Tripoli Pirates: The Forgotten War That Changed American History,1,59.64,Nonfiction
Thirteen Reasons Why,1,52.72,Contemporary
The White Cat and the Monk: A Retelling of the Poem “Pangur Bán”,4,58.08,Childrens
The Wedding Dress,1,24.12,Sports and Games
The Vacationers,4,42.15,Psychology
The Third Wave: An Entrepreneur’s Vision of the Future,5,12.61,Young Adult
The Stranger,4,17.44,Mystery
The Shadow Hero (The Shadow Hero),1,33.14,Politics
The Secret (The Secret #1),4,27.37,Sequential Art
The Regional Office Is Under Attack!,5,51.36,Fiction
The Psychopath Test: A Journey Through the Madness Industry,2,36.0,Historical Fiction
The Project,1,10.65,Biography
The Power of Now: A Guide to Spiritual Enlightenment,2,43.54,Fiction
The Omnivore's Dilemma: A Natural History of Four Meals,2,38.21,Crime
The Nerdy Nummies Cookbook: Sweet Treats for the Geek in All of Us,5,37.34,Nonfiction
The Murder of Roger Ackroyd (Hercule Poirot #4),4,44.1,Young Adult
The Mistake (Off-Campus #2),3,43.29,Philosophy
The Matchmaker's Playbook (Wingmen Inc. #1),1,55.85,Travel
The Love and Lemons Cookbook: An Apple-to-Zucchini Celebration of Impromptu Cooking,2,37.6,Crime
The Long Shadow of Small Ghosts: Murder and Memory in an American City,1,10.97,Adult Fiction
The Kite Runner,4,41.82,Contemporary
The House by the Lake,1,36.95,Autobiography
The Glittering Court (The Glittering Court #1),1,44.28,Short Stories
The Girl on the Train,2,55.02,Nonfiction
The Genius of Birds,1,17.24,Psychology
The Emerald Mystery,2,23.15,Autobiography
The Cookies & Cups Cookbook: 125+ sweet & savory recipes reminding you to Always Eat Dessert First,1,41.25,Politics
The Bridge to Consciousness: I'm Writing the Bridge Between Science and Our Old and New Beliefs.,3,32.0,Philosophy
The Artist's Way: A Spiritual Path to Higher Creativity,5,38.49,Music
The Art of War,5,33.34,Horror
The Argonauts,2,10.93,Art
The 10% Entrepreneur: Live Your Startup Dream Without Quitting Your Day Job,3,27.55,Food and Drink
Suddenly in Love (Lake Haven #1),2,55.99,Health
Something More Than This,4,16.24,Cultural
Soft Apocalypse,2,26.12,Parenting
So You've Been Publicly Shamed,2,12.23,Christian
Shoe Dog: A Memoir by the Creator of NIKE,2,23.99,Health
"Shobu Samurai, Project Aryoku (#3)",3,29.06,Science Fiction
Secrets and Lace (Fatal Hearts #1),1,20.27,Horror
Scarlett Epstein Hates It Here,5,43.55,Fiction
Romero and Juliet: A Tragic Tale of Love and Zombies,1,36.94,Adult Fiction
Redeeming Love,5,20.47,Sequential Art
Poses for Artists Volume 1 - Dynamic and Sitting Poses: An Essential Reference for Figure Drawing and the Human Form,1,41.06,Nonfiction
Poems That Make Grown Women Cry,4,14.19,Fantasy
"Nightingale, Sing",1,38.28,Default
Night Sky with Exit Wounds,1,41.05,Erotica
Mrs. Houdini,5,30.25,New Adult
Modern Romance,5,28.26,History
Miss Peregrine’s Home for Peculiar Children (Miss Peregrine’s Peculiar Children #1),1,10.76,Christian Fiction
Louisa: The Extraordinary Life of Mrs. Adams,2,16.85,Sequential Art
Little Red,3,13.47,Suspense
Library of Souls (Miss Peregrine’s Peculiar Children #3),5,48.56,Womens Fiction
Large Print Heart of the Pride,2,19.15,Historical
I Had a Nice Time And Other Lies...: How to find love & sh*t like that,4,57.36,Books
Hollow City (Miss Peregrine’s Peculiar Children #2),1,42.98,Psychology
Grumbles,2,22.16,Biography
Full Moon over Noah’s Ark: An Odyssey to Mount Ararat and Beyond,4,49.43,Novels
Frostbite (Vampire Academy #2),5,29.99,Biography
Follow You Home,1,21.36,Politics
First Steps for New Christians (Print Edition),1,29.0,Biography
Finders Keepers (Bill Hodges Trilogy #2),5,53.53,Romance
"Fables, Vol. 1: Legends in Exile (Fables #1)",4,41.62,Historical Fiction
Eureka Trivia 6.0,4,54.59,Thriller
Drive: The Surprising Truth About What Motivates Us,4,34.95,Fantasy
Done Rubbed Out (Reightman & Bailey #1),5,37.72,Business
Doing It Over (Most Likely To #1),3,35.61,Womens Fiction
"Deliciously Ella Every Day: Quick and Easy Recipes for Gluten-Free Snacks, Packed Lunches, and Simple Meals",3,42.16,Nonfiction
Dark Notes,5,19.19,Humor
"Daring Greatly: How the Courage to Be Vulnerable Transforms the Way We Live, Love, Parent, and Lead",3,19.43,Childrens
Close to You,4,49.46,New Adult
Chasing Heaven: What Dying Taught Me About Living,2,37.8,Mystery
Big Magic: Creative Living Beyond Fear,3,30.8,Christian
Becoming Wise: An Inquiry into the Mystery and Art of Living,2,27.43,Humor
Beauty Restored (Riley Family Legacy Novellas #3),2,11.11,Food and Drink
Batman: The Long Halloween (Batman),2,36.5,Adult Fiction
Batman: The Dark Knight Returns (Batman),5,15.38,Business
Ayumi's Violin,2,15.48,Christian
Anonymous,4,46.82,Food and Drink
Amy Meets the Saints and Sages,3,18.46,Parenting
Amid the Chaos,1,36.58,Womens Fiction
Amatus,5,50.54,Mystery
Agnostic: A Spirited Manifesto,5,12.51,Biography
Zealot: The Life and Times of Jesus of Nazareth,3,24.7,Science
You (You #1),5,43.61,Add a comment
"Wonder Woman: Earth One, Volume One (Wonder Woman: Earth One #1)",4,37.34,Spirituality
Wild Swans,2,14.36,Christian
Why the Right Went Wrong: Conservatism--From Goldwater to the Tea Party and Beyond,4,52.65,Short Stories
Whole Lotta Creativity Going On: 60 Fun and Unusual Exercises to Awaken and Strengthen Your Creativity,4,38.2,Add a comment
What's It Like in Space?: Stories from Astronauts Who've Been There,2,19.6,Young Adult
"We Are Robin, Vol. 1: The Vigilante Business (We Are Robin #1)",1,53.9,Thriller
Walt Disney's Alice in Wonderland,5,12.96,Romance
V for Vendetta (V for Vendetta Complete),4,37.1,Historical Fiction
Until Friday Night (The Field Party #1),2,46.31,History
"Unbroken: A World War II Story of Survival, Resilience, and Redemption",2,45.95,Horror
Twenty Yawns,2,22.08,Default
Through the Woods,2,25.38,Music
This Is Where It Ends,2,27.12,Womens Fiction
The Year of Magical Thinking,2,43.04,Sequential Art
The Wright Brothers,4,56.8,Historical
The White Queen (The Cousins' War #1),5,25.91,Crime
The Wedding Pact (The O'Malleys #2),3,32.61,Romance
The Time Keeper,5,27.88,Fiction
The Testament of Mary,4,52.67,Womens Fiction
The Star-Touched Queen,5,46.02,Paranormal
The Songs of the Gods,5,44.48,Add a comment
The Song of Achilles,5,37.4,New Adult
The Rosie Project (Don Tillman #1),1,54.04,Biography
The Power of Habit: Why We Do What We Do in Life and Business,3,16.88,Romance
The Marriage of Opposites,4,28.08,Food and Drink
The Lucifer Effect: Understanding How Good People Turn Evil,1,10.4,Historical
The Long Haul (Diary of a Wimpy Kid #9),1,44.07,Classics
The Loney,1,23.4,Business
The Literature Book (Big Ideas Simply Explained),3,17.43,Cultural
The Last Mile (Amos Decker #2),2,54.21,Womens Fiction
The Immortal Life of Henrietta Lacks,2,40.67,Christian Fiction
The Hidden Oracle (The Trials of Apollo #1),2,52.26,Christian Fiction
The Help Yourself Cookbook for Kids: 60 Easy Plant-Based Recipes Kids Can Make to Stay Healthy and Save the Earth,3,28.77,Paranormal
The Guilty (Will Robie #4),2,13.82,Mystery
The First Hostage (J.B. Collins #2),3,25.85,Christian Fiction
The Dovekeepers,1,48.78,Spirituality
The Darkest Lie,5,35.35,History
The Bane Chronicles (The Bane Chronicles #1-11),4,44.73,Cultural
The Bad-Ass Librarians of Timbuktu: And Their Race to Save the World’s Most Precious Manuscripts,1,15.77,Horror
The 14th Colony (Cotton Malone #11),1,39.24,Art
That Darkness (Gardiner and Renner #1),1,13.92,Nonfiction
Tastes Like Fear (DI Marnie Rome #3),1,10.69,Default
Take Me with You,3,45.21,Fantasy
Swell: A Year of Waves,1,45.58,Autobiography
Superman Vol. 1: Before Truth (Superman by Gene Luen Yang #1),5,11.89,Paranormal
Still Life with Bread Crumbs,3,26.41,Biography
Steve Jobs,5,39.5,History
Sorting the Beef from the Bull: The Science of Food Fraud Forensics,4,44.74,Politics
Someone Like You (The Harrisons #2),5,52.79,Childrens
"So Cute It Hurts!!, Vol. 6 (So Cute It Hurts!! #6)",4,35.43,Historical Fiction
Shtum,4,55.84,Short Stories
See America: A Celebration of Our National Parks & Treasured Sites,3,48.87,Cultural
salt.,4,46.78,History
Robin War,3,47.82,Mystery
"Red Hood/Arsenal, Vol. 1: Open for Business (Red Hood/Arsenal #1)",2,25.48,Suspense
Rain Fish,3,23.57,Classics
"Quarter Life Poetry: Poems for the Young, Broke and Hangry",5,50.89,Sequential Art
Pet Sematary,3,10.56,Parenting
"Overload: How to Unplug, Unwind, and Unleash Yourself from the Pressure of Stress",3,52.15,Spirituality
Once Was a Time,2,18.28,Philosophy
Old School (Diary of a Wimpy Kid #10),5,11.83,Politics
No Dream Is Too High: Life Lessons From a Man Who Walked on the Moon,2,21.95,Historical Fiction
"Naruto (3-in-1 Edition), Vol. 14: Includes Vols. 40, 41 & 42 (Naruto: Omnibus #14)",2,38.39,Self Help
My Name Is Lucy Barton,1,41.56,Crime
My Mrs. Brown,3,24.48,Historical
My Kind of Crazy,1,40.36,Biography
Mr. Mercedes (Bill Hodges Trilogy #1),1,28.9,Politics
More Than Music (Chasing the Dream #1),2,37.61,Sports and Games
Made to Stick: Why Some Ideas Survive and Others Die,5,38.85,Contemporary
Luis Paints the World,3,53.95,Sequential Art
Luckiest Girl Alive,3,49.83,History
Lowriders to the Center of the Earth (Lowriders in Space #2),2,51.51,Mystery
Love Is a Mix Tape (Music #1),1,18.03,Autobiography
Looking for Lovely: Collecting the Moments that Matter,5,29.14,Science Fiction
"Living Leadership by Insight: A Good Leader Achieves, a Great Leader Builds Monuments",4,46.91,Crime
Let It Out: A Journey Through Journaling,5,26.79,Womens Fiction
Lady Midnight (The Dark Artifices #1),5,16.28,History
"It's All Easy: Healthy, Delicious Weeknight Meals in under 30 Minutes",1,19.55,Books
Island of Dragons (Unwanteds #7),1,29.65,Fiction
I Know What I'm Doing -- and Other Lies I Tell Myself: Dispatches from a Life Under Construction,4,25.98,Self Help
I Am Pilgrim (Pilgrim #1),4,10.6,Academic
"Hyperbole and a Half: Unfortunate Situations, Flawed Coping Mechanisms, Mayhem, and Other Things That Happened",5,14.75,Erotica
"Hush, Hush (Hush, Hush #1)",3,47.02,Food and Drink
Hold Your Breath (Search and Rescue #1),1,28.82,Suspense
Hamilton: The Revolution,3,58.79,Travel
Greek Mythic History,5,10.23,Short Stories
God: The Most Unpleasant Character in All Fiction,5,30.03,Autobiography
Glory over Everything: Beyond The Kitchen House,3,45.84,Historical
Feathers: Displays of Brilliant Plumage,3,49.05,Academic
"Far & Away: Places on the Brink of Change: Seven Continents, Twenty-Five Years",4,15.06,Music
Every Last Word,3,46.47,Health
Eligible (The Austen Project #4),3,27.09,Horror
El Deafo,5,57.62,Christian Fiction
Eight Hundred Grapes,4,14.39,Nonfiction
"Eaternity: More than 150 Deliciously Easy Vegan Recipes for a Long, Healthy, Satisfied, Joyful Life",5,51.75,History
"Eat Fat, Get Thin",2,54.07,Novels
Don't Get Caught,1,55.35,Mystery
Doctor Sleep (The Shining #2),2,40.12,Contemporary
Demigods & Magicians: Percy and Annabeth Meet the Kanes (Percy Jackson & Kane Chronicles Crossover #1-3),5,37.51,Short Stories
Dear Mr. Knightley,5,11.21,Health
Daily Fantasy Sports,1,36.58,Crime
Crazy Love: Overwhelmed by a Relentless God,2,47.72,Default
Cometh the Hour (The Clifton Chronicles #6),3,25.01,Adult Fiction
Code Name Verity (Code Name Verity #1),4,22.13,Nonfiction
Clockwork Angel (The Infernal Devices #1),1,44.14,Fiction
City of Glass (The Mortal Instruments #3),4,56.02,Travel
City of Fallen Angels (The Mortal Instruments #4),4,11.23,Paranormal
City of Bones (The Mortal Instruments #1),1,43.28,Travel
City of Ashes (The Mortal Instruments #2),1,47.27,Sports and Games
Cell,4,20.29,Travel
Catching Jordan (Hundred Oaks),3,50.83,Christian
"Carry On, Warrior: Thoughts on Life Unarmed",3,31.85,Academic
Carrie,2,46.23,Fiction
Buying In: The Secret Dialogue Between What We Buy and Who We Are,4,37.8,Health
Brain on Fire: My Month of Madness,5,49.32,Cultural
Batman: Europa,2,32.01,Add a comment
Barefoot Contessa Back to Basics,1,28.01,Autobiography
Barefoot Contessa at Home: Everyday Recipes You'll Make Over and Over Again,5,50.62,Art
Balloon Animals,3,17.03,Science Fiction
Art Ops Vol. 1,3,48.8,Travel
Aristotle and Dante Discover the Secrets of the Universe (Aristotle and Dante Discover the Secrets of the Universe #1),4,58.14,Philosophy
Angels Walking (Angels Walking #1),2,34.2,Self Help
Angels & Demons (Robert Langdon #1),3,51.48,Sequential Art
All the Light We Cannot See,5,29.87,Spirituality
"Adulthood Is a Myth: A ""Sarah's Scribbles"" Collection",2,10.9,Art
Abstract City,5,56.37,Science Fiction
A Time of Torment (Charlie Parker #14),5,48.35,Crime
A Study in Scarlet (Sherlock Holmes #1),2,16.73,Short Stories
"A Series of Catastrophes and Miracles: A True Story of Love, Science, and Cancer",2,56.48,Food and Drink
A People's History of the United States,2,40.79,Fiction
A Man Called Ove,1,39.72,Health
A Distant Mirror: The Calamitous 14th Century,3,14.58,Childrens
A Brush of Wings (Angels Walking #3),1,55.51,Crime
1491: New Revelations of the Americas Before Columbus,3,21.8,Childrens
"The Three Searches, Meaning, and the Story",3,13.33,Psychology
Searching for Meaning in Gailana,1,38.73,History
Rook,4,37.86,Classics
My Kitchen Year: 136 Recipes That Saved My Life,2,11.53,Default
13 Hours: The Inside Account of What Really Happened In Benghazi,1,27.06,Crime
Will You Won't You Want Me?,3,13.86,Suspense
Tipping Point for Planet Earth: How Close Are We to the Edge?,1,37.55,Historical
The Star-Touched Queen,5,32.3,Biography
The Silent Sister (Riley MacPherson #1),5,46.29,History
The Midnight Watch: A Novel of the Titanic and the Californian,1,26.2,Politics
The Lonely City: Adventures in the Art of Being Alone,2,33.26,Novels
The Gray Rhino: How to Recognize and Act on the Obvious Dangers We Ignore,4,59.15,Young Adult
The Golden Condom: And Other Essays on Love Lost and Found,1,39.43,Religion
The Epidemic (The Program 0.6),5,14.44,Romance
The Dinner Party,2,56.54,Novels
The Diary of a Young Girl,3,59.9,Default
The Children,3,11.88,Books
Stars Above (The Lunar Chronicles #4.5),2,48.05,Sports and Games
Snatched: How A Drug Queen Went Undercover for the DEA and Was Kidnapped By Colombian Guerillas,3,21.21,Books
Raspberry Pi Electronics Projects for the Evil Genius,4,49.67,Science
Quench Your Own Thirst: Business Lessons Learned Over a Beer or Two,1,43.14,Sports and Games
Psycho: Sanitarium (Psycho #1.5),5,36.97,Self Help
Poisonous (Max Revere Novels #3),3,26.8,Christian
One with You (Crossfire #5),4,15.71,Academic
No Love Allowed (Dodge Cove #1),4,54.65,Art
Murder at the 42nd Street Library (Raymond Ambler #1),4,54.36,Humor
Most Wanted,3,35.28,Adult Fiction
"Love, Lies and Spies",2,20.55,Young Adult
How to Speak Golf: An Illustrated Guide to Links Lingo,5,58.32,Mystery
Hide Away (Eve Duncan #20),1,11.84,Mystery
Furiously Happy: A Funny Book About Horrible Things,4,41.46,Add a comment
Everyday Italian: 125 Simple and Delicious Recipes,5,20.1,Food and Drink
Equal Is Unfair: America's Misguided Fight Against Income Inequality,1,56.86,Horror
Eleanor & Park,5,56.51,Parenting
Dirty (Dive Bar #1),4,40.83,Politics
Can You Keep a Secret? (Fear Street Relaunch #4),1,48.64,Historical
Boar Island (Anna Pigeon #19),3,59.48,Horror
A Paris Apartment,4,39.01,Default
"A la Mode: 120 Recipes in 60 Pairings: Pies, Tarts, Cakes, Crisps, and More Topped with Ice Cream, Gelato, Frozen Custard, and More",1,38.77,Music
Troublemaker: Surviving Hollywood and Scientology,2,48.39,Autobiography
The Widow,2,27.26,Historical
"The Sleep Revolution: Transforming Your Life, One Night at a Time",4,11.68,Suspense
The Improbability of Love,1,59.45,Health
The Art of Startup Fundraising,3,21.0,Paranormal
Take Me Home Tonight (Rock Star Romance #3),3,53.98,Contemporary
Sleeping Giants (Themis Files #1),1,48.74,Christian Fiction
"Setting the World on Fire: The Brief, Astonishing Life of St. Catherine of Siena",2,21.15,Self Help
Playing with Fire,3,13.71,Politics
Off the Hook (Fishing for Trouble #1),3,47.67,Adult Fiction
Mothering Sunday,2,13.34,Poetry
"Mother, Can You Not?",5,16.89,Horror
M Train,1,27.18,Spirituality
Lilac Girls,2,17.28,Crime
Lies and Other Acts of Love,1,45.14,Novels
Lab Girl,1,40.85,Science
Keep Me Posted,4,20.46,Adult Fiction
It Didn't Start with You: How Inherited Family Trauma Shapes Who We Are and How to End the Cycle,3,56.27,Science Fiction
Grey (Fifty Shades #4),4,48.49,Romance
"Exit, Pursued by a Bear",4,51.34,Politics
Daredevils,3,16.34,Self Help
Cravings: Recipes for What You Want to Eat,3,20.5,Art
Born for This: How to Find the Work You Were Meant to Do,5,21.59,Spirituality
Arena,4,21.36,Classics
Adultery,5,20.88,Sports and Games
A Mother's Reckoning: Living in the Aftermath of Tragedy,3,19.53,Science Fiction
A Gentleman's Position (Society of Gentlemen #3),5,14.75,Travel
11/22/63,3,48.48,Philosophy
"10% Happier: How I Tamed the Voice in My Head, Reduced Stress Without Losing My Edge, and Found Self-Help That Actually Works",2,24.57,Mystery
10-Day Green Smoothie Cleanse: Lose Up to 15 Pounds in 10 Days!,5,49.71,Contemporary
Without Shame,5,48.27,Sports and Games
Watchmen,4,58.05,Art
Unlimited Intuition Now,4,58.87,Health
Underlying Notes,2,11.82,Sequential Art
The Shack,1,28.03,Default
The New Brand You: Your New Image Makes the Sale for You,5,44.05,Contemporary
"The Moosewood Cookbook: Recipes from Moosewood Restaurant, Ithaca, New York",4,12.34,Historical
The Flowers Lied,2,16.68,Add a comment
"The Fabric of the Cosmos: Space, Time, and the Texture of Reality",1,55.91,Crime
The Book of Mormon,3,24.57,Christian Fiction
The Art and Science of Low Carbohydrate Living,5,52.98,Science Fiction
The Alien Club,1,54.4,Paranormal
Suzie Snowflake: One beautiful flake (a self-esteem story),5,54.81,Paranormal
Nap-a-Roo,1,25.08,Adult Fiction
"NaNo What Now? Finding your editing process, revising your NaNoWriMo book and building a writing career through publishing and beyond",4,10.41,Academic
Modern Day Fables,2,47.44,History
If I Gave You God's Phone Number....: Searching for Spirituality in America,1,20.91,Adult Fiction
"Fruits Basket, Vol. 9 (Fruits Basket #9)",4,33.95,Mystery
Dress Your Family in Corduroy and Denim,3,43.68,Psychology
Don't Forget Steven,1,33.23,Historical Fiction
Chernobyl 01:23:40: The Incredible True Story of the World's Worst Nuclear Disaster,2,35.92,Self Help
Art and Fear: Observations on the Perils (and Rewards) of Artmaking,4,48.63,New Adult
A Shard of Ice (The Black Symphony Saga #1),3,56.63,Business
A Hero's Curse (The Unseen Chronicles #1),3,50.49,Classics
23 Degrees South: A Tropical Tale of Changing Whether...,2,35.79,Sports and Games
"Zero to One: Notes on Startups, or How to Build the Future",3,34.06,Horror
Why Not Me?,1,17.76,Spirituality
When Breath Becomes Air,2,39.36,New Adult
Vagabonding: An Uncommon Guide to the Art of Long-Term World Travel,2,36.94,Parenting
The Unlikely Pilgrimage of Harold Fry (Harold Fry #1),5,43.62,New Adult
The New Drawing on the Right Side of the Brain,3,43.02,Christian Fiction
"The Midnight Assassin: Panic, Scandal, and the Hunt for America's First Serial Killer",4,28.45,Humor
The Martian (The Martian #1),2,41.39,Sequential Art
The High Mountains of Portugal,1,51.15,New Adult
The Grownup,1,35.88,Politics
The E-Myth Revisited: Why Most Small Businesses Don't Work and What to Do About It,1,36.91,Religion
South of Sunshine,1,28.93,Christian
Smarter Faster Better: The Secrets of Being Productive in Life and Business,5,38.89,Philosophy
Silence in the Dark (Logan Point #4),3,58.33,Health
Shadows of the Past (Logan Point #1),5,39.67,Childrens
Roller Girl,5,14.1,Childrens
Rising Strong,3,21.82,Religion
Proofs of God: Classical Arguments from Tertullian to Barth,1,54.21,Self Help
Please Kill Me: The Uncensored Oral History of Punk,4,31.19,Travel
Out of Print: City Lights Spotlight No. 14,5,53.64,Erotica
My Life Next Door (My Life Next Door ),5,36.39,Politics
Miller's Valley,2,58.54,Art
Man's Search for Meaning,3,29.48,Cultural
"Love That Boy: What Two Presidents, Eight Road Trips, and My Son Taught Me About a Parent's Expectations",2,25.06,Womens Fiction
Living Forward: A Proven Plan to Stop Drifting and Get the Life You Want,3,12.55,Religion
Les Fleurs du Mal,5,29.04,Health
Left Behind (Left Behind #1),2,40.72,Books
Kill 'Em and Leave: Searching for James Brown and the American Soul,5,45.05,Christian Fiction
Kierkegaard: A Christian Missionary to Christians,1,47.13,Christian Fiction
John Vassos: Industrial Design for Modern Life,4,20.22,Fiction
I'll Give You the Sun,1,56.48,Christian Fiction
I Will Find You,1,44.21,Short Stories
Hystopia: A Novel,4,21.96,Womens Fiction
Howl and Other Poems,2,40.45,Parenting
History of Beauty,4,10.29,Mystery
Heaven is for Real: A Little Boy's Astounding Story of His Trip to Heaven and Back,2,52.86,Humor
Future Shock (Future Shock #1),5,55.65,Historical
Ender's Game (The Ender Quintet #1),1,43.64,History
Diary of a Citizen Scientist: Chasing Tiger Beetles and Other New Ways of Engaging the World,1,28.41,Erotica
Death by Leisure: A Cautionary Tale,4,37.51,New Adult
Brilliant Beacons: A History of the American Lighthouse,3,11.45,Humor
Brazen: The Courage to Find the You That's Been Hiding,2,19.22,Paranormal
Between the World and Me,4,56.91,Horror
Being Mortal: Medicine and What Matters in the End,4,55.06,Business
"A Murder Over a Girl: Justice, Gender, Junior High",3,13.2,Sports and Games
32 Yolks,2,53.63,Christian Fiction
"""Most Blessed of the Patriarchs"": Thomas Jefferson and the Empire of the Imagination",5,44.48,Self Help
You Are a Badass: How to Stop Doubting Your Greatness and Start Living an Awesome Life,3,12.08,Health
Wildlife of New York: A Five-Borough Coloring Book,2,22.14,Spirituality
What Happened on Beale Street (Secrets of the South Mysteries #2),5,25.37,Romance
Unreasonable Hope: Finding Faith in the God Who Brings Purpose to Your Pain,2,46.33,Mystery
Under the Tuscan Sun,3,37.33,Add a comment
Toddlers Are A**holes: It's Not Your Fault,1,25.55,Science
The Year of Living Biblically: One Man's Humble Quest to Follow the Bible as Literally as Possible,1,34.72,Philosophy
The Whale,4,35.96,Contemporary
The Story of Art,4,41.14,Science
The Origin of Species,4,10.01,Cultural
The Great Gatsby,4,36.05,Poetry
The Good Girl,3,49.03,Young Adult
The Glass Castle,1,16.24,Classics
The Faith of Christopher Hitchens: The Restless Soul of the World's Most Notorious Atheist,1,39.55,Mystery
The Drowning Girls,3,35.67,Fantasy
The Constant Princess (The Tudor Court #1),3,16.62,Short Stories
The Bourne Identity (Jason Bourne #1),4,42.78,Contemporary
The Bachelor Girl's Guide to Murder (Herringford and Watts Mysteries #1),5,52.3,Historical
The Art Book,2,32.34,Music
The 7 Habits of Highly Effective People: Powerful Lessons in Personal Change,4,33.17,Fantasy
Team of Rivals: The Political Genius of Abraham Lincoln,5,20.12,Romance
Steal Like an Artist: 10 Things Nobody Told You About Being Creative,2,20.9,Childrens
"Sit, Stay, Love",3,20.9,Erotica
Sister Dear,4,40.2,Music
"Shrunken Treasures: Literary Classics, Short, Sweet, and Silly",3,52.87,Music
"Rich Dad, Poor Dad",1,51.74,Childrens
Raymie Nightingale,2,34.41,Horror
Playing from the Heart,1,32.38,Historical
Nightstruck: A Novel,4,50.35,Christian Fiction
"Naturally Lean: 125 Nourishing Gluten-Free, Plant-Based Recipes--All Under 300 Calories",5,11.38,Religion
Meternity,3,43.58,Business
Memoirs of a Geisha,3,49.67,Fantasy
Like Never Before (Walker Family #2),2,28.77,Science
Life of Pi,4,13.22,Politics
Leave This Song Behind: Teen Poetry at Its Best,5,51.17,Novels
King's Folly (The Kinsman Chronicles #1),5,39.61,Humor
John Adams,4,57.43,Autobiography
How to Cook Everything Vegetarian: Simple Meatless Recipes for Great Food (How to Cook Everything),4,46.01,Mystery
How to Be a Domestic Goddess: Baking and the Art of Comfort Cooking,2,28.25,Contemporary
Good in Bed (Cannie Shapiro #1),5,37.05,Parenting
"Fruits Basket, Vol. 7 (Fruits Basket #7)",1,19.57,Self Help
For the Love: Fighting for Grace in a World of Impossible Standards,3,45.13,Parenting
Finding God in the Ruins: How God Redeems Pain,2,46.64,Crime
Every Heart a Doorway (Every Heart A Doorway #1),5,12.16,Autobiography
Delivering the Truth (Quaker Midwife Mystery #1),4,20.89,Religion
Counted With the Stars (Out from Egypt #1),5,17.97,Music
"Chronicles, Vol. 1",2,52.6,Self Help
Blue Like Jazz: Nonreligious Thoughts on Christian Spirituality,1,25.77,Childrens
Benjamin Franklin: An American Life,3,48.19,Default
"At The Existentialist Café: Freedom, Being, and apricot cocktails with: Jean-Paul Sartre, Simone de Beauvoir, Albert Camus, Martin Heidegger, Edmund Husserl, Karl Jaspers, Maurice Merleau-Ponty and others",5,29.93,Christian
A Summer In Europe,2,44.34,Food and Drink
A Short History of Nearly Everything,5,52.4,Fantasy
A Gathering of Shadows (Shades of Magic #2),4,44.81,Travel
The Sound Of Love,5,57.84,Spirituality
The Rise and Fall of the Third Reich: A History of Nazi Germany,2,39.67,Art
The Perks of Being a Wallflower,3,55.02,Music
The Mysterious Affair at Styles (Hercule Poirot #1),4,24.8,Biography
The Man Who Mistook His Wife for a Hat and Other Clinical Tales,4,59.45,Books
The Makings of a Fatherless Child,2,31.58,Cultural
The Joy of Cooking,4,43.27,Philosophy
The Invention of Wings,1,37.34,Poetry
The Hobbit (Middle-Earth Universe),5,17.8,Short Stories
The Great Railway Bazaar,1,30.54,Novels
The Golden Compass (His Dark Materials #1),1,18.77,Classics
The God Delusion,3,46.85,Food and Drink
The Girl You Left Behind (The Girl You Left Behind #1),1,15.79,Add a comment
The Fellowship of the Ring (The Lord of the Rings #1),2,10.27,Music
The Collected Poems of W.B. Yeats (The Collected Works of W.B. Yeats #1),5,15.42,Music
The Barefoot Contessa Cookbook,5,59.92,Mystery
Tell the Wolves I'm Home,2,50.96,Poetry
Ship Leaves Harbor: Essays on Travel by a Recovering Journeyman,3,30.6,Science Fiction
Pride and Prejudice,4,19.27,Add a comment
Musicophilia: Tales of Music and the Brain,1,46.58,Academic
Mere Christianity,3,48.51,Mystery
Me Before You (Me Before You #1),1,19.02,Default
In the Woods (Dublin Murder Squad #1),2,38.38,History
In Cold Blood,4,49.98,Parenting
How to Stop Worrying and Start Living,5,46.49,Paranormal
Give It Back,2,18.32,Music
"Girl, Interrupted",3,42.14,Childrens
Fun Home: A Family Tragicomic,4,56.59,Science Fiction
"Fruits Basket, Vol. 6 (Fruits Basket #6)",4,20.96,Self Help
Deception Point,4,40.32,Parenting
"Death Note, Vol. 6: Give-and-Take (Death Note #6)",3,36.39,Psychology
Catherine the Great: Portrait of a Woman,4,58.55,Christian
Better Homes and Gardens New Cook Book,3,39.61,Parenting
An Unquiet Mind: A Memoir of Moods and Madness,3,21.3,Romance
A Year in Provence (Provence #1),4,56.88,Christian Fiction
World Without End (The Pillars of the Earth #2),4,32.97,Erotica
"Will Grayson, Will Grayson (Will Grayson, Will Grayson)",4,47.31,Food and Drink
Why Save the Bankers?: And Other Essays on Our Economic and Political Crisis,2,48.67,Science
Where She Went (If I Stay #2),4,41.73,Historical Fiction
What If?: Serious Scientific Answers to Absurd Hypothetical Questions,4,53.68,Music
Two Summers,1,14.64,Poetry
This Is Your Brain on Music: The Science of a Human Obsession,1,38.4,Historical
The Secret Garden,4,15.08,Religion
The Raven King (The Raven Cycle #4),2,30.57,Academic
The Raven Boys (The Raven Cycle #1),4,57.74,Mystery
The Power Greens Cookbook: 140 Delicious Superfood Recipes,5,11.05,Books
The Metamorphosis,1,28.58,Humor
The Mathews Men: Seven Brothers and the War Against Hitler's U-boats,5,42.91,Adult Fiction
The Little Paris Bookshop,3,24.73,Poetry
The Hiding Place,4,55.91,Academic
The Grand Design,3,13.76,Spirituality
The Firm,3,45.56,Young Adult
The Fault in Our Stars,1,47.22,Religion
The False Prince (The Ascendance Trilogy #1),5,56.0,Art
The Expatriates,2,44.58,Travel
The Dream Thieves (The Raven Cycle #2),1,34.5,Fiction
The Darkest Corners,5,11.33,Young Adult
The Crossover,4,38.77,Food and Drink
The 5th Wave (The 5th Wave #1),2,11.83,Novels
Tell the Wind and Fire,3,45.51,Nonfiction
Tell Me Three Things,1,41.81,Horror
Talking to Girls About Duran Duran: One Young Man's Quest for True Love and a Cooler Haircut,4,25.15,Young Adult
Siddhartha,5,34.22,New Adult
Shiver (The Wolves of Mercy Falls #1),5,16.23,Romance
Remember Me?,3,11.48,Mystery
Red Dragon (Hannibal Lecter #1),3,23.37,Psychology
Peak: Secrets from the New Science of Expertise,2,16.28,Self Help
My Mother Was Nuts,4,31.63,Young Adult
Mexican Today: New and Rediscovered Recipes for Contemporary Kitchens,5,24.91,Crime
Maybe Something Beautiful: How Art Transformed a Neighborhood,1,22.54,Science Fiction
Lola and the Boy Next Door (Anna and the French Kiss #2),4,23.63,Science Fiction
Logan Kade (Fallen Crest High #5.5),2,13.12,Horror
Last One Home (New Beginnings #1),3,59.98,Crime
Killing Floor (Jack Reacher #1),4,31.49,Adult Fiction
Kill the Boy Band,5,15.52,Default
Isla and the Happily Ever After (Anna and the French Kiss #3),5,48.13,Business
If I Stay (If I Stay #1),5,38.13,Womens Fiction
I Know Why the Caged Bird Sings (Maya Angelou's Autobiography #1),2,36.55,Psychology
Harry Potter and the Deathly Hallows (Harry Potter #7),1,23.32,Erotica
"Fruits Basket, Vol. 5 (Fruits Basket #5)",1,16.33,Womens Fiction
Foundation (Foundation (Publication Order) #1),1,32.42,Sports and Games
Fool Me Once,1,16.96,Science Fiction
Find Her (Detective D.D. Warren #8),1,22.37,Health
Evicted: Poverty and Profit in the American City,1,42.27,Christian
Drama,2,38.7,Humor
Dracula the Un-Dead,5,35.63,Nonfiction
Digital Fortress,5,58.0,Womens Fiction
"Death Note, Vol. 5: Whiteout (Death Note #5)",1,52.41,Young Adult
"Data, A Love Story: How I Gamed Online Dating to Meet My Match",3,32.35,Erotica
Critique of Pure Reason,1,20.75,Biography
Booked,5,17.49,Adult Fiction
"Blue Lily, Lily Blue (The Raven Cycle #3)",5,34.13,Books
Approval Junkie: Adventures in Caring Too Much,5,58.81,Spirituality
An Abundance of Katherines,5,10.0,Mystery
America's War for the Greater Middle East: A Military History,2,51.22,New Adult
Alight (The Generations Trilogy #2),4,58.59,Thriller
A Girl's Guide to Moving On (New Beginnings #2),1,31.3,Christian Fiction
A Game of Thrones (A Song of Ice and Fire #1),2,46.42,Horror
A Feast for Crows (A Song of Ice and Fire #4),4,17.21,Art
A Clash of Kings (A Song of Ice and Fire #2),3,10.79,Science
Vogue Colors A to Z: A Fashion Coloring Book,4,52.35,Adult Fiction
The Shining (The Shining #1),3,27.88,Short Stories
The Pilgrim's Progress,2,50.26,Sports and Games
The Perfect Play (Play by Play #1),3,59.99,Philosophy
The Passion of Dolssa,5,28.32,Default
The Jazz of Physics: The Secret Link Between Music and the Structure of the Universe,3,38.71,History
The Hunger Games (The Hunger Games #1),5,29.85,Fantasy
The Hound of the Baskervilles (Sherlock Holmes #5),2,14.82,Science
The Gunning of America: Business and the Making of American Gun Culture,4,16.81,Horror
The Geography of Bliss: One Grump's Search for the Happiest Places in the World,2,28.23,Art
The Demonists (Demonist #1),2,52.11,Spirituality
"The Demon Prince of Momochi House, Vol. 4 (The Demon Prince of Momochi House #4)",2,27.88,Food and Drink
The Bone Hunters (Lexy Vaughan & Steven Macaulay #2),3,59.71,Travel
The Beast (Black Dagger Brotherhood #14),5,46.08,Adult Fiction
Some Women,5,13.73,Young Adult
Shopaholic Ties the Knot (Shopaholic #3),5,48.39,Parenting
Paper and Fire (The Great Library #2),5,49.45,Default
Outlander (Outlander #1),5,19.67,Sequential Art
"Orchestra of Exiles: The Story of Bronislaw Huberman, the Israel Philharmonic, and the One Thousand Jews He Saved from Nazi Horrors",3,12.36,Christian
No One Here Gets Out Alive,5,20.02,Health
Night Shift (Night Shift #1-20),4,12.75,Thriller
Needful Things,4,47.51,Academic
Mockingjay (The Hunger Games #3),4,20.44,Biography
Misery,2,34.79,Young Adult
Little Women (Little Women #1),4,28.07,Romance
It,3,25.01,Contemporary
Harry Potter and the Sorcerer's Stone (Harry Potter #1),3,13.9,Horror
Harry Potter and the Prisoner of Azkaban (Harry Potter #3),4,24.17,Horror
Harry Potter and the Order of the Phoenix (Harry Potter #5),4,31.63,Womens Fiction
Harry Potter and the Half-Blood Prince (Harry Potter #6),5,48.75,Thriller
Harry Potter and the Chamber of Secrets (Harry Potter #2),1,14.74,Fantasy
Gone with the Wind,3,32.49,Religion
God Is Not Great: How Religion Poisons Everything,1,27.8,Psychology
Girl With a Pearl Earring,1,26.77,Biography
"Fruits Basket, Vol. 4 (Fruits Basket #4)",4,50.44,Childrens
Far From True (Promise Falls Trilogy #2),2,34.93,Christian
Dark Lover (Black Dagger Brotherhood #1),1,12.87,Biography
Confessions of a Shopaholic (Shopaholic #1),2,48.94,Fantasy
Changing the Game (Play by Play #2),3,13.38,Christian Fiction
Candide,3,58.63,Contemporary
Can You Keep a Secret?,1,21.94,Classics
Atlas Shrugged,5,26.58,Business
Animal Farm,3,57.22,Horror
A Walk to Remember,1,56.43,Christian
A New Earth: Awakening to Your Life's Purpose,5,55.65,Crime
"A History of God: The 4,000-Year Quest of Judaism, Christianity, and Islam",1,27.62,Childrens
'Salem's Lot,4,49.56,Nonfiction
Zero History (Blue Ant #3),1,34.77,Nonfiction
Wuthering Heights,3,17.73,Thriller
World War Z: An Oral History of the Zombie War,1,21.8,Music
Wild: From Lost to Found on the Pacific Crest Trail,3,46.02,Poetry
"Where'd You Go, Bernadette",1,18.13,Business
When You Are Engulfed in Flames,5,30.89,Novels
We the People: The Modern-Day Figures Who Have Reshaped and Affirmed the Founding Fathers' Vision of America,3,31.95,Crime
We Are All Completely Beside Ourselves,1,24.04,Thriller
Walk the Edge (Thunder Road #2),3,32.36,Crime
Voyager (Outlander #3),5,21.07,Biography
Very Good Lives: The Fringe Benefits of Failure and the Importance of Imagination,3,50.66,Poetry
Vegan Vegetarian Omnivore: Dinner for Everyone at the Table,2,13.66,Sequential Art
"Unstuffed: Decluttering Your Home, Mind, and Soul",1,58.09,Childrens
Under the Banner of Heaven: A Story of Violent Faith,1,30.0,Young Adult
Two Boys Kissing,2,32.74,Adult Fiction
Twilight (Twilight #1),2,41.93,Historical Fiction
Twenties Girl,2,42.8,Novels
"Trespassing Across America: One Man's Epic, Never-Done-Before (and Sort of Illegal) Hike Across the Heartland",1,53.51,Philosophy
Three-Martini Lunch,3,23.21,Historical
"Thinking, Fast and Slow",1,21.14,Parenting
The Wild Robot,3,56.07,Nonfiction
"The Wicked + The Divine, Vol. 3: Commercial Suicide (The Wicked + The Divine)",3,14.41,Health
The Undomestic Goddess,4,45.75,Classics
The Travelers,1,15.77,Historical Fiction
The Tipping Point: How Little Things Can Make a Big Difference,2,10.02,Christian
The Thing About Jellyfish,1,48.77,New Adult
The Stand,2,57.86,Fantasy
The Smitten Kitchen Cookbook,1,23.59,Science Fiction
The Silkworm (Cormoran Strike #2),5,23.05,Biography
"The Sandman, Vol. 3: Dream Country (The Sandman (volumes) #3)",5,55.55,Short Stories
The Rose & the Dagger (The Wrath and the Dawn #2),4,58.64,Humor
The Road to Little Dribbling: Adventures of an American in Britain (Notes From a Small Island #2),1,23.21,Art
The Rise of Theodore Roosevelt (Theodore Roosevelt #1),3,42.57,Fiction
The Restaurant at the End of the Universe (Hitchhiker's Guide to the Galaxy #2),1,10.92,Suspense
The Rest Is Noise: Listening to the Twentieth Century,1,34.77,Adult Fiction
The Red Tent,5,35.66,Biography
The Purpose Driven Life: What on Earth Am I Here for?,3,37.19,Humor
The Purest Hook (Second Circle Tattoos #3),1,12.25,Humor
The Picture of Dorian Gray,2,29.7,Politics
The Paris Wife,3,36.8,Science Fiction
The Obsession,1,45.43,Biography
The Nightingale,4,26.26,Nonfiction
The New Guy (and Other Senior Year Distractions),3,44.92,Childrens
The Nanny Diaries (Nanny #1),5,52.53,Sports and Games
The Name of God is Mercy,2,37.25,Sports and Games
The Maze Runner (The Maze Runner #1),1,20.93,Autobiography
The Lover's Dictionary,2,58.09,Christian
The Lonely Ones,5,43.59,Thriller
The Lean Startup: How Today's Entrepreneurs Use Continuous Innovation to Create Radically Successful Businesses,3,33.92,Adult Fiction
The Last Painting of Sara de Vos,2,55.55,Horror
"The Land of 10,000 Madonnas",4,29.64,Art
The Infinities,1,27.41,Humor
The Husband's Secret,5,52.51,Science
The Hitchhiker's Guide to the Galaxy (Hitchhiker's Guide to the Galaxy #1),3,47.8,Science
The Guns of August,2,14.54,Suspense
The Guernsey Literary and Potato Peel Pie Society,1,49.53,Historical
The Goldfinch,3,43.58,Horror
The Giver (The Giver Quartet #1),1,12.3,Autobiography
The Girl with All the Gifts,3,49.47,Adult Fiction
The Girl Who Played with Fire (Millennium Trilogy #2),2,22.14,Business
The Girl Who Kicked the Hornet's Nest (Millennium Trilogy #3),1,57.48,Poetry
The Exiled,3,43.45,Science Fiction
"The End of Faith: Religion, Terror, and the Future of Reason",4,22.13,History
"The Elegant Universe: Superstrings, Hidden Dimensions, and the Quest for the Ultimate Theory",4,13.03,Fiction
"The Disappearing Spoon: And Other True Tales of Madness, Love, and the History of the World from the Periodic Table of the Elements",5,57.35,Young Adult
The Devil Wears Prada (The Devil Wears Prada #1),1,44.29,Poetry
The Demon-Haunted World: Science as a Candle in the Dark,4,52.25,Horror
The Day the Crayons Came Home (Crayons),5,26.33,Parenting
The Da Vinci Code (Robert Langdon #2),2,22.96,Autobiography
The Cuckoo's Calling (Cormoran Strike #1),1,19.21,Sports and Games
The Complete Stories and Poems (The Works of Edgar Allan Poe [Cameo Edition]),4,26.78,Psychology
The Complete Poems,5,41.32,Psychology
The Catcher in the Rye,1,24.55,Sequential Art
The Cat in the Hat (Beginner Books B-1),2,16.26,Parenting
The Case for Christ (Cases for Christianity),1,47.84,Childrens
The Book Thief,2,53.49,Crime
The Book of Basketball: The NBA According to The Sports Guy,5,44.84,Thriller
The Blind Side: Evolution of a Game,5,53.71,Spirituality
The Autobiography of Malcolm X,2,23.43,Contemporary
"The Art of Simple Food: Notes, Lessons, and Recipes from a Delicious Revolution",3,34.32,Spirituality
The Art of Fielding,1,22.1,Christian
"Surely You're Joking, Mr. Feynman!: Adventures of a Curious Character",2,25.83,Music
Stiff: The Curious Lives of Human Cadavers,3,36.74,Childrens
Spilled Milk: Based on a True Story,1,49.51,Philosophy
Something Borrowed (Darcy & Rachel #1),5,48.96,Christian
Something Blue (Darcy & Rachel #2),1,54.62,Default
Soldier (Talon #3),2,24.72,Business
Shopaholic & Baby (Shopaholic #5),2,46.45,Add a comment
Seven Days in the Art World,2,52.33,Mystery
Seven Brief Lessons on Physics,4,30.6,Romance
Scarlet (The Lunar Chronicles #2),4,14.57,Default
Sarah's Key,1,46.29,Art
"Saga, Volume 3 (Saga (Collected Editions) #3)",5,21.57,Short Stories
Running with Scissors,4,12.91,Romance
Rogue Lawyer (Rogue Lawyer #1),3,50.11,Business
"Rise of the Rocket Girls: The Women Who Propelled Us, from Missiles to the Moon to Mars",4,41.67,Womens Fiction
Rework,2,44.88,Cultural
Reservations for Two,3,11.1,Paranormal
Red: The True Story of Red Riding Hood,3,28.54,Travel
Ready Player One,4,19.07,Young Adult
Quiet: The Power of Introverts in a World That Can't Stop Talking,1,43.55,Academic
Prodigy: The Graphic Novel (Legend: The Graphic Novel #2),3,43.63,New Adult
Persepolis: The Story of a Childhood (Persepolis #1-2),1,39.13,Classics
Packing for Mars: The Curious Science of Life in the Void,2,56.68,Womens Fiction
Outliers: The Story of Success,1,14.16,Thriller
Original Fake,3,31.45,Poetry
Orange Is the New Black,2,24.61,Romance
One for the Money (Stephanie Plum #1),2,32.87,Self Help
Notes from a Small Island (Notes From a Small Island #1),1,40.17,Art
Night (The Night Trilogy #1),1,13.51,Poetry
Neither Here nor There: Travels in Europe,3,38.95,Horror
Naked,3,31.69,Fiction
Morning Star (Red Rising #3),1,29.4,Historical
"Miracles from Heaven: A Little Girl, Her Journey to Heaven, and Her Amazing Story of Healing",1,57.83,Self Help
Midnight Riot (Peter Grant/ Rivers of London - books #1),2,55.46,Sports and Games
Me Talk Pretty One Day,2,57.6,Parenting
Manuscript Found in Accra,2,34.98,Self Help
Lust & Wonder,2,11.87,Add a comment
Lila (Gilead #3),3,12.47,Business
"Life, the Universe and Everything (Hitchhiker's Guide to the Galaxy #3)",2,33.26,New Adult
Life Without a Recipe,5,59.04,New Adult
Life After Life,2,26.13,Biography
Letter to a Christian Nation,1,22.2,Religion
Let's Pretend This Never Happened: A Mostly True Memoir,1,45.11,Art
Legend (Legend #1),4,43.69,Politics
"Lean In: Women, Work, and the Will to Lead",1,25.02,Mystery
"Lamb: The Gospel According to Biff, Christ's Childhood Pal",5,55.5,Horror
Lady Renegades (Rebel Belle #3),5,53.04,Fantasy
Jurassic Park (Jurassic Park #1),1,44.97,Food and Drink
It's Never Too Late to Begin Again: Discovering Creativity and Meaning at Midlife and Beyond,1,42.38,Spirituality
Is Everyone Hanging Out Without Me? (And Other Concerns),3,20.11,Psychology
Into the Wild,5,56.7,Young Adult
Inferno (Robert Langdon #4),5,41.0,Self Help
"In the Garden of Beasts: Love, Terror, and an American Family in Hitler's Berlin",3,28.85,Self Help
If I Run (If I Run #1),4,49.97,Novels
I've Got Your Number,1,19.69,Young Adult
I Am Malala: The Girl Who Stood Up for Education and Was Shot by the Taliban,2,28.88,Art
Hungry Girl Clean & Hungry: Easy All-Natural Recipes for Healthy Eating in the Real World,3,33.14,Christian
"House of Lost Worlds: Dinosaurs, Dynasties, and the Story of Life on Earth",2,43.7,Sequential Art
House of Leaves,1,54.89,Sequential Art
Horrible Bear!,2,37.52,Mystery
Holidays on Ice,2,51.07,Art
Heir to the Sky,4,44.07,Spirituality
Green Eggs and Ham (Beginner Books B-16),4,10.79,Food and Drink
"Grayson, Vol 3: Nemesis (Grayson #3)",1,42.72,Mystery
Gratitude,5,26.66,Art
Gone Girl,5,37.6,Historical
Golden (Heart of Dread #3),4,42.21,Spirituality
Girl in the Blue Coat,2,46.83,Parenting
"Fruits Basket, Vol. 3 (Fruits Basket #3)",2,45.17,Academic
"Friday Night Lights: A Town, a Team, and a Dream",3,51.22,Nonfiction
Fire Bound (Sea Haven/Sisters of the Heart #5),4,21.28,Nonfiction
Fifty Shades Freed (Fifty Shades #3),5,15.36,Short Stories
Fellside,1,38.62,Romance
Extreme Prey (Lucas Davenport #26),3,25.4,Young Adult
Eragon (The Inheritance Cycle #1),3,43.87,Philosophy
Eclipse (Twilight #3),1,18.74,Young Adult
Dune (Dune #1),1,54.86,Philosophy
Dracula,3,52.62,New Adult
Do Androids Dream of Electric Sheep? (Blade Runner #1),1,51.48,Autobiography
Disrupted: My Misadventure in the Start-Up Bubble,5,15.28,Historical Fiction
Dead Wake: The Last Crossing of the Lusitania,5,39.24,Christian
"David and Goliath: Underdogs, Misfits, and the Art of Battling Giants",1,17.81,Fantasy
Darkfever (Fever #1),1,56.02,Novels
Dark Places,5,23.9,Adult Fiction
Crazy Rich Asians (Crazy Rich Asians #1),5,49.13,Womens Fiction
Counting Thyme,1,10.62,Politics
Cosmos,2,36.17,Science
Civilization and Its Discontents,2,59.95,New Adult
Cinder (The Lunar Chronicles #1),1,26.09,Short Stories
Catastrophic Happiness: Finding Joy in Childhood's Messy Years,2,37.35,Autobiography
Career of Evil (Cormoran Strike #3),2,24.72,Default
Breaking Dawn (Twilight #4),5,35.28,Self Help
Brave Enough,5,51.32,Philosophy
Boy Meets Boy,3,21.12,Academic
"Born to Run: A Hidden Tribe, Superathletes, and the Greatest Race the World Has Never Seen",2,27.35,Nonfiction
Blink: The Power of Thinking Without Thinking,5,21.74,Health
Black Flags: The Rise of ISIS,1,40.87,Autobiography
"Black Butler, Vol. 1 (Black Butler #1)",1,49.31,Default
Big Little Lies,1,22.11,Psychology
Between Shades of Gray,5,20.79,Books
Best of My Love (Fool's Gold #20),2,27.41,Religion
Beowulf,2,38.35,Thriller
Beautiful Creatures (Caster Chronicles #1),5,21.55,Romance
Awkward,2,38.02,Historical
Ash,4,22.06,Autobiography
Are We There Yet?,3,10.66,Default
Are We Smart Enough to Know How Smart Animals Are?,1,56.58,Humor
Annie on My Mind,5,36.83,Health
And Then There Were None,2,35.01,Historical Fiction
A Walk in the Woods: Rediscovering America on the Appalachian Trail,4,30.48,Mystery
A Visit from the Goon Squad,5,14.08,Religion
A Storm of Swords (A Song of Ice and Fire #3),2,31.22,Historical Fiction
A Heartbreaking Work of Staggering Genius,5,54.29,Contemporary
8 Keys to Mental Health Through Exercise,1,31.04,Sports and Games
#GIRLBOSS,1,50.96,Historical Fiction
"The Suffragettes (Little Black Classics, #96)",2,11.89,New Adult
The Sense of an Ending,3,31.38,Books
"The Sandman, Vol. 2: The Doll's House (The Sandman (volumes) #2)",1,54.81,Crime
The Course of Love,3,16.78,Spirituality
Sugar Rush (Offensive Line #2),1,24.42,Travel
"Saga, Volume 2 (Saga (Collected Editions) #2)",3,11.75,Art
"Run, Spot, Run: The Ethics of Keeping Pets",1,20.02,Historical Fiction
New Moon (Twilight #2),4,12.86,Religion
Life,5,31.58,Sequential Art
Kindle Paperwhite User's Guide,3,34.0,Sports and Games
H is for Hawk,5,57.42,Art
Girl Online On Tour (Girl Online #2),1,53.47,Horror
"Fruits Basket, Vol. 2 (Fruits Basket #2)",5,11.64,Health
Diary of a Minecraft Zombie Book 1: A Scare of a Dare (An Unofficial Minecraft Book),4,52.88,Short Stories
"Y: The Last Man, Vol. 1: Unmanned (Y: The Last Man #1)",4,18.51,Young Adult
While You Were Mine,5,41.32,Humor
Where Lightning Strikes (Bleeding Stars #3),3,39.77,Young Adult
When I'm Gone,3,51.96,Business
Ways of Seeing,5,39.51,Classics
"Vampire Knight, Vol. 1 (Vampire Knight #1)",1,15.4,Parenting
Vampire Girl (Vampire Girl #1),2,53.82,Poetry
Twenty Love Poems and a Song of Despair,4,30.95,Adult Fiction
Travels with Charley: In Search of America,5,57.82,Short Stories
Three Wishes (River of Time: California #1),2,44.18,Academic
This One Moment (Pushing Limits #1),1,48.71,Paranormal
The Zombie Room,5,19.69,Poetry
"The Wicked + The Divine, Vol. 1: The Faust Act (The Wicked + The Divine)",2,36.52,Short Stories
The Tumor,5,41.56,Womens Fiction
The Story of Hong Gildong,4,43.19,Classics
The Silent Wife,5,12.34,Humor
The Silent Twin (Detective Jennifer Knight #3),3,36.25,Add a comment
The Selfish Gene,1,29.45,Young Adult
The Secret Healer,3,34.56,Academic
"The Sandman, Vol. 1: Preludes and Nocturnes (The Sandman (volumes) #1)",3,54.12,Christian
The Republic,3,33.78,Add a comment
The Odyssey,3,29.64,Paranormal
The No. 1 Ladies' Detective Agency (No. 1 Ladies' Detective Agency #1),4,57.7,Romance
The Nicomachean Ethics,1,36.34,Sequential Art
The Name of the Wind (The Kingkiller Chronicle #1),3,50.59,Crime
The Mirror & the Maze (The Wrath and the Dawn #1.5),1,29.38,Art
The Little Prince,2,45.42,Fantasy
The Light of the Fireflies,1,54.43,Young Adult
The Last Girl (The Dominion Trilogy #1),2,36.26,Add a comment
The Iliad,1,16.16,Fantasy
The Hook Up (Game On #1),5,36.29,Erotica
The Haters,5,27.89,Young Adult
The Girl You Lost,5,12.29,Young Adult
The Girl In The Ice (DCI Erika Foster #1),3,15.85,Fantasy
The End of the Jesus Era (An Investigation #1),1,14.4,Psychology
The Edge of Reason (Bridget Jones #2),4,19.18,Books
The Complete Maus (Maus #1-2),3,10.64,Nonfiction
The Communist Manifesto,3,14.76,Classics
The Bhagavad Gita,3,57.49,Travel
The Bette Davis Club,3,30.66,Sports and Games
The Art of Not Breathing,4,40.83,Womens Fiction
Taking Shots (Assassins #1),2,18.88,Travel
Starlark,3,25.83,Historical
"Skip Beat!, Vol. 01 (Skip Beat! #1)",3,42.12,Business
Sister Sable (The Mad Queen #1),3,13.33,Thriller
Shatter Me (Shatter Me #1),1,42.4,Books
Shameless,3,58.35,Self Help
Shadow Rites (Jane Yellowrock #10),4,21.72,Sports and Games
Settling the Score (The Summer Games #1),2,44.91,Science Fiction
Sense and Sensibility,1,37.46,Autobiography
"Saga, Volume 1 (Saga (Collected Editions) #1)",1,28.48,Short Stories
"Rhythm, Chord & Malykhin",2,28.34,Adult Fiction
"Rat Queens, Vol. 1: Sass & Sorcery (Rat Queens (Collected Editions) #1-5)",5,46.96,Academic
Paradise Lost (Paradise #1),1,24.96,Science
"Paper Girls, Vol. 1 (Paper Girls #1-5)",4,21.71,Horror
"Ouran High School Host Club, Vol. 1 (Ouran High School Host Club #1)",3,29.87,Health
Origins (Alphas 0.5),1,28.99,Poetry
One Second (Seven #7),2,52.94,Cultural
On the Road (Duluoz Legend),3,32.36,Novels
Old Records Never Die: One Man's Quest for His Vinyl and His Past,2,55.66,Humor
Off Sides (Off #1),5,39.45,Erotica
Of Mice and Men,2,47.11,Adult Fiction
Myriad (Prentor #1),4,58.75,Romance
My Perfect Mistake (Over the Top #1),2,38.92,Food and Drink
"Ms. Marvel, Vol. 1: No Normal (Ms. Marvel (2014-2015) #1)",4,39.39,Cultural
Meditations,2,25.89,Horror
Matilda,1,28.34,Spirituality
Lost Among the Living,4,27.7,Default
Lord of the Flies,3,24.89,Romance
Listen to Me (Fusion #1),3,58.99,Romance
Kitchens of the Great Midwest,5,57.2,Childrens
Jane Eyre,5,38.43,Autobiography
Imperfect Harmony,4,34.74,Sports and Games
Icing (Aces Hockey #2),4,40.44,Health
"Hawkeye, Vol. 1: My Life as a Weapon (Hawkeye #1)",3,45.24,Academic
Having the Barbarian's Baby (Ice Planet Barbarians #7.5),4,34.96,Thriller
"Giant Days, Vol. 1 (Giant Days #1-4)",4,56.76,Philosophy
"Fruits Basket, Vol. 1 (Fruits Basket #1)",5,40.28,Fiction
Frankenstein,2,38.0,Humor
Forever Rockers (The Rocker #12),3,28.8,Religion
Fighting Fate (Fighting #6),3,39.24,Travel
Emma,2,32.93,Politics
"Eat, Pray, Love",3,51.32,Fantasy
Deep Under (Walker Security #1),5,47.09,Crime
Choosing Our Religion: The Spiritual Lives of America's Nones,4,28.42,Academic
Charlie and the Chocolate Factory (Charlie Bucket #1),3,22.85,Horror
Charity's Cross (Charles Towne Belles #4),1,41.24,Business
Bright Lines,5,39.07,Health
Bridget Jones's Diary (Bridget Jones #1),1,29.82,Religion
Bounty (Colorado Mountain #7),4,37.26,Books
Blood Defense (Samantha Brinkman #1),3,20.3,Religion
"Bleach, Vol. 1: Strawberry and the Soul Reapers (Bleach #1)",5,34.65,Books
Beyond Good and Evil,1,43.38,Adult Fiction
Alice in Wonderland (Alice's Adventures in Wonderland #1),1,55.53,Paranormal
"Ajin: Demi-Human, Volume 1 (Ajin: Demi-Human #1)",4,57.06,Science Fiction
A Spy's Devotion (The Regency Spies of London #1),5,16.97,Thriller
1st to Die (Women's Murder Club #1),1,53.98,Psychology
"1,000 Places to See Before You Die",5,26.08,Cultural
